[
    {
        "nat_cd": "112",
        "nat_name": "중국",
        "visit_cnt": 565243,
        "yyyymm": "201701"
    },
    {
        "nat_cd": "112",
        "nat_name": "중국",
        "visit_cnt": 590790,
        "yyyymm": "201702"
    },
    {
        "nat_cd": "112",
        "nat_name": "중국",
        "visit_cnt": 360782,
        "yyyymm": "201703"
    },
    {
        "nat_cd": "112",
        "nat_name": "중국",
        "visit_cnt": 227811,
        "yyyymm": "201704"
    },
    {
        "nat_cd": "112",
        "nat_name": "중국",
        "visit_cnt": 253359,
        "yyyymm": "201705"
    },
    {
        "nat_cd": "112",
        "nat_name": "중국",
        "visit_cnt": 254930,
        "yyyymm": "201706"
    },
    {
        "nat_cd": "112",
        "nat_name": "중국",
        "visit_cnt": 281263,
        "yyyymm": "201707"
    },
    {
        "nat_cd": "112",
        "nat_name": "중국",
        "visit_cnt": 339388,
        "yyyymm": "201708"
    },
    {
        "nat_cd": "112",
        "nat_name": "중국",
        "visit_cnt": 318682,
        "yyyymm": "201709"
    },
    {
        "nat_cd": "112",
        "nat_name": "중국",
        "visit_cnt": 345384,
        "yyyymm": "201710"
    },
    {
        "nat_cd": "112",
        "nat_name": "중국",
        "visit_cnt": 299247,
        "yyyymm": "201711"
    },
    {
        "nat_cd": "112",
        "nat_name": "중국",
        "visit_cnt": 332474,
        "yyyymm": "201712"
    }
]