[
    {
        "description": "가장 믿고 의지했던 선배 배우인 김주혁이 그들의 곁을 떠나버린 것이다. 지난 14일 개봉한 영화 흥부는 붓 하나로 조선 팔도를 들썩이게 만든 천재작가 흥부(정우 분)가 남보다 못한 두 형제 조혁(김주혁 분)과 조항리",
        "link": "http://www.ajunews.com/view/20180219161804486",
        "org_link": "http://www.ajunews.com/view/20180219161804486",
        "pDate": "2018-02-19 20:15:00",
        "title": "[인터뷰] 흥부 정우 &quot;故김주혁, 존재만으로도 큰 힘…닮고 싶었다&quot;"
    },
    {
        "description": "또 배우 김주혁의 유작으로 관심을 모았던 흥부는 누적관객수 32만1876명의 저조한 성적으로 박스오피스 4위에 올랐다. 한편, 올 설 극장가는 평창동계올림픽 등의 영향으로 지난해보다 100만여명이 적은",
        "link": "http://news.naver.com/main/read.nhn?mode=LSD&mid=sec&sid1=106&oid=014&aid=0003967639",
        "org_link": "http://www.fnnews.com/news/201802191807536973",
        "pDate": "2018-02-19 18:09:00",
        "title": "설연휴=한국영화.. 스크린 공식 깼다"
    },
    {
        "description": "배우 정우 김주혁 정진영 정해인 등 믿고 보는 배우들의 완벽한 앙상블로 호평을 이어가고 있는 영화 '흥부: 글로 세상을 바꾼 자(이하 )가 개봉과 함께 14일, 15일, 17일 무대인사를 통해 관객들과 만났다. 영화 흥부는",
        "link": "http://news.naver.com/main/read.nhn?mode=LSD&mid=sec&sid1=106&oid=404&aid=0000203157",
        "org_link": "http://enews24.tving.com/news/article.asp?nsID=1278104",
        "pDate": "2018-02-19 17:42:00",
        "title": "흥부 정우X정진영X정해인X천우희, 뜨거웠던 무대인사 현장"
    },
    {
        "description": "즐겨 듣는 팟캐스트 이동진의 빨간책방에는 격주로 김주혁 작가가 진행하는 숏컷이란 코너가 있었다. 매 회마다 작가를 초대해 그의 책 이야기와 글에 관한 이야기를 듣는데, 참 좋아하는 코너였다. 무릇 글 쓰는",
        "link": "http://ppss.kr/archives/154456",
        "org_link": "http://ppss.kr/archives/154456",
        "pDate": "2018-02-19 17:30:00",
        "title": "당신의 이야기, 써도 괜찮습니까?"
    }
]