[
    {
        "nat_cd": "275",
        "nat_name": "미국",
        "visit_cnt": 55739,
        "yyyymm": "201601"
    },
    {
        "nat_cd": "275",
        "nat_name": "미국",
        "visit_cnt": 50705,
        "yyyymm": "201602"
    },
    {
        "nat_cd": "275",
        "nat_name": "미국",
        "visit_cnt": 68719,
        "yyyymm": "201603"
    },
    {
        "nat_cd": "275",
        "nat_name": "미국",
        "visit_cnt": 81439,
        "yyyymm": "201604"
    },
    {
        "nat_cd": "275",
        "nat_name": "미국",
        "visit_cnt": 80489,
        "yyyymm": "201605"
    },
    {
        "nat_cd": "275",
        "nat_name": "미국",
        "visit_cnt": 88276,
        "yyyymm": "201606"
    },
    {
        "nat_cd": "275",
        "nat_name": "미국",
        "visit_cnt": 78526,
        "yyyymm": "201607"
    },
    {
        "nat_cd": "275",
        "nat_name": "미국",
        "visit_cnt": 69434,
        "yyyymm": "201608"
    },
    {
        "nat_cd": "275",
        "nat_name": "미국",
        "visit_cnt": 75736,
        "yyyymm": "201609"
    },
    {
        "nat_cd": "275",
        "nat_name": "미국",
        "visit_cnt": 82885,
        "yyyymm": "201610"
    },
    {
        "nat_cd": "275",
        "nat_name": "미국",
        "visit_cnt": 67641,
        "yyyymm": "201611"
    },
    {
        "nat_cd": "275",
        "nat_name": "미국",
        "visit_cnt": 66597,
        "yyyymm": "201612"
    },
    {
        "nat_cd": "275",
        "nat_name": "미국",
        "visit_cnt": 57212,
        "yyyymm": "201701"
    },
    {
        "nat_cd": "275",
        "nat_name": "미국",
        "visit_cnt": 52732,
        "yyyymm": "201702"
    },
    {
        "nat_cd": "275",
        "nat_name": "미국",
        "visit_cnt": 72477,
        "yyyymm": "201703"
    },
    {
        "nat_cd": "275",
        "nat_name": "미국",
        "visit_cnt": 83485,
        "yyyymm": "201704"
    },
    {
        "nat_cd": "275",
        "nat_name": "미국",
        "visit_cnt": 76347,
        "yyyymm": "201705"
    },
    {
        "nat_cd": "275",
        "nat_name": "미국",
        "visit_cnt": 85955,
        "yyyymm": "201706"
    },
    {
        "nat_cd": "275",
        "nat_name": "미국",
        "visit_cnt": 82472,
        "yyyymm": "201707"
    },
    {
        "nat_cd": "275",
        "nat_name": "미국",
        "visit_cnt": 71496,
        "yyyymm": "201708"
    },
    {
        "nat_cd": "275",
        "nat_name": "미국",
        "visit_cnt": 70933,
        "yyyymm": "201709"
    },
    {
        "nat_cd": "275",
        "nat_name": "미국",
        "visit_cnt": 80000,
        "yyyymm": "201710"
    },
    {
        "nat_cd": "275",
        "nat_name": "미국",
        "visit_cnt": 69009,
        "yyyymm": "201711"
    },
    {
        "nat_cd": "275",
        "nat_name": "미국",
        "visit_cnt": 66763,
        "yyyymm": "201712"
    }
]