user_id,product_type,pay_method,price
김철수,사과,현금,1000
김철수,사과,직불카드,2000
김철수,사과,현금,3000
김철수,사과,직불카드,4000
김철수,사과,신용카드,6000
김철수,사과,신용카드,5000
김철수,포도,현금,3000
김철수,포도,직불카드,2000
김철수,포도,현금,4000
김철수,포도,직불카드,7000
김철수,포도,신용카드,1000
김철수,포도,신용카드,2000
박영희,사과,현금,3000
박영희,사과,직불카드,2000
박영희,사과,현금,4000
박영희,사과,직불카드,4000
박영희,사과,신용카드,5000
박영희,사과,신용카드,5000
박영희,포도,현금,2000
박영희,포도,직불카드,6000
박영희,포도,현금,4000
박영희,포도,직불카드,2000
박영희,포도,신용카드,1000
박영희,포도,신용카드,5000
